{"cameraMode":{"drawMode":0,"name":"Shaded","section":"Shading Mode"},"sceneLighting":false,"audioPlay":false,"sceneViewState":{"showFog":true,"showMaterialUpdate":false,"showSkybox":false,"showFlares":true,"showImageEffects":true,"showParticleSystems":true},"in2DMode":false,"pivot":{"x":0.0,"y":3.1700000762939455,"z":4.079999923706055},"rotation":{"x":0.2165653109550476,"y":0.7747437953948975,"z":-0.34905940294265749,"w":0.4806663990020752},"size":0.5049752593040466,"orthographic":false}